{"camera_index": 1, "threshold": 50.725806451612904, "kernel_size": 2.6129032258064515, "roi": [195, 134, 274, 213]}